{"cameraMode":{"drawMode":0,"name":"Shaded","section":"Shading Mode"},"sceneLighting":true,"audioPlay":false,"sceneViewState":{"showFog":true,"showMaterialUpdate":false,"showSkybox":true,"showFlares":true,"showImageEffects":true,"showParticleSystems":true},"in2DMode":false,"pivot":{"x":-20.438831329345704,"y":-10.171489715576172,"z":68.49781799316406},"rotation":{"x":-0.23289357125759126,"y":0.28715449571609499,"z":-0.07219498604536057,"w":-0.9263318777084351},"size":48.645294189453128,"orthographic":false}