{"cameraMode":{"drawMode":0,"name":"Shaded","section":"Shading Mode"},"sceneLighting":true,"audioPlay":false,"sceneViewState":{"showFog":true,"showMaterialUpdate":false,"showSkybox":true,"showFlares":true,"showImageEffects":true,"showParticleSystems":true},"in2DMode":false,"pivot":{"x":-0.9362947344779968,"y":0.7691171169281006,"z":0.581385612487793},"rotation":{"x":-0.030292360112071039,"y":0.030578648671507837,"z":-0.0009273692267015576,"w":-0.9990728497505188},"size":13.25744342803955,"orthographic":false}