{"cameraMode":{"drawMode":0,"name":"Shaded","section":"Shading Mode"},"sceneLighting":false,"audioPlay":false,"sceneViewState":{"showFog":true,"showMaterialUpdate":false,"showSkybox":false,"showFlares":true,"showImageEffects":true,"showParticleSystems":true},"in2DMode":false,"pivot":{"x":0.0,"y":3.009999990463257,"z":-8.510000228881836},"rotation":{"x":-0.23289357125759126,"y":0.28715449571609499,"z":-0.07219498604536057,"w":-0.9263318777084351},"size":1.4289418458938599,"orthographic":false}