{"cameraMode":{"drawMode":0,"name":"Shaded","section":"Shading Mode"},"sceneLighting":false,"audioPlay":false,"sceneViewState":{"showFog":true,"showMaterialUpdate":false,"showSkybox":false,"showFlares":true,"showImageEffects":true,"showParticleSystems":true},"in2DMode":false,"pivot":{"x":-0.10810071229934693,"y":-0.5088109374046326,"z":0.3492318391799927},"rotation":{"x":0.38024207949638369,"y":-0.19206459820270539,"z":0.08104781061410904,"w":0.9010874032974243},"size":1.1826677322387696,"orthographic":false}